Residue,Favorable,Unfavorable,HydrogenBond,Charge,Hydrophobic,Halogen,Other
A:LEU408,19,0,1,0,19,0,0
A:THR410,5,0,4,0,1,0,0
A:GLY411,1,0,1,0,0,0,0
A:GLN412,4,0,4,0,0,0,0
A:PHE413,4,0,0,0,4,0,0
A:GLY414,1,1,1,0,0,0,0
A:VAL416,28,0,0,0,28,0,0
A:ALA428,16,0,1,0,16,0,0
A:LYS430,26,2,4,14,23,0,0
A:MET449,1,0,0,0,1,0,0
A:VAL458,3,0,0,0,3,0,0
A:LEU460,2,0,0,0,2,0,0
A:ILE472,17,0,1,0,17,0,0
A:THR474,1,0,1,0,0,0,0
A:GLU475,6,0,6,0,0,0,0
A:TYR476,2,0,0,0,2,0,0
A:MET477,7,0,7,0,0,0,0
A:CYS481,14,0,0,0,11,0,3
A:ARG525,5,0,5,0,0,0,0
A:ASN526,3,0,3,0,0,0,0
A:LEU528,26,0,0,0,26,0,0
A:SER538,1,2,1,0,0,0,0
A:ASP539,16,0,12,5,0,0,0
A:PHE540,17,0,0,0,17,0,0
A:LEU542,12,0,0,0,12,0,0
A:VAL546,2,0,0,0,2,0,0
A:TYR551,8,0,0,0,8,0,0
A:LYS558,2,0,0,0,2,0,0
